"";"serie";"fecha";"valor";"a√±o";"mes";"fecha_scraping"
"1";"Unidad de fomento (UF)";"2010-1-1";20899,82;2010;1;2025-09-04
"2";"Unidad de fomento (UF)";"2010-2-1";20877,51;2010;2;2025-09-04
"3";"Unidad de fomento (UF)";"2010-3-1";20966,13;2010;3;2025-09-04
"4";"Unidad de fomento (UF)";"2010-4-1";21019,75;2010;4;2025-09-04
"5";"Unidad de fomento (UF)";"2010-5-1";21064,65;2010;5;2025-09-04
"6";"Unidad de fomento (UF)";"2010-6-1";21160,6;2010;6;2025-09-04
"7";"Unidad de fomento (UF)";"2010-7-1";21224,29;2010;7;2025-09-04
"8";"Unidad de fomento (UF)";"2010-8-1";21261,05;2010;8;2025-09-04
"9";"Unidad de fomento (UF)";"2010-9-1";21344,51;2010;9;2025-09-04
"10";"Unidad de fomento (UF)";"2010-10-1";21356,86;2010;10;2025-09-04
"11";"Unidad de fomento (UF)";"2010-11-1";21421,11;2010;11;2025-09-04
"12";"Unidad de fomento (UF)";"2010-12-1";21445,15;2010;12;2025-09-04
"13";"Unidad de fomento (UF)";"2011-1-1";21466,63;2011;1;2025-09-04
"14";"Unidad de fomento (UF)";"2011-2-1";21497,96;2011;2;2025-09-04
"15";"Unidad de fomento (UF)";"2011-3-1";21556,35;2011;3;2025-09-04
"16";"Unidad de fomento (UF)";"2011-4-1";21633,36;2011;4;2025-09-04
"17";"Unidad de fomento (UF)";"2011-5-1";21773,99;2011;5;2025-09-04
"18";"Unidad de fomento (UF)";"2011-6-1";21848,67;2011;6;2025-09-04
"19";"Unidad de fomento (UF)";"2011-7-1";21924,28;2011;7;2025-09-04
"20";"Unidad de fomento (UF)";"2011-8-1";21964,1;2011;8;2025-09-04
"21";"Unidad de fomento (UF)";"2011-9-1";21992,35;2011;9;2025-09-04
"22";"Unidad de fomento (UF)";"2011-10-1";22053,13;2011;10;2025-09-04
"23";"Unidad de fomento (UF)";"2011-11-1";22160,11;2011;11;2025-09-04
"24";"Unidad de fomento (UF)";"2011-12-1";22259,95;2011;12;2025-09-04
"25";"Unidad de fomento (UF)";"2012-1-1";22346,12;2012;1;2025-09-04
"26";"Unidad de fomento (UF)";"2012-2-1";22447,54;2012;2;2025-09-04
"27";"Unidad de fomento (UF)";"2012-3-1";22492,5;2012;3;2025-09-04
"28";"Unidad de fomento (UF)";"2012-4-1";22567,73;2012;4;2025-09-04
"29";"Unidad de fomento (UF)";"2012-5-1";22608,96;2012;5;2025-09-04
"30";"Unidad de fomento (UF)";"2012-6-1";22626,49;2012;6;2025-09-04
"31";"Unidad de fomento (UF)";"2012-7-1";22609,47;2012;7;2025-09-04
"32";"Unidad de fomento (UF)";"2012-8-1";22562,02;2012;8;2025-09-04
"33";"Unidad de fomento (UF)";"2012-9-1";22571,05;2012;9;2025-09-04
"34";"Unidad de fomento (UF)";"2012-10-1";22650,36;2012;10;2025-09-04
"35";"Unidad de fomento (UF)";"2012-11-1";22813,45;2012;11;2025-09-04
"36";"Unidad de fomento (UF)";"2012-12-1";22886,63;2012;12;2025-09-04
"37";"Unidad de fomento (UF)";"2013-1-1";22811,83;2013;1;2025-09-04
"38";"Unidad de fomento (UF)";"2013-2-1";22818,59;2013;2;2025-09-04
"39";"Unidad de fomento (UF)";"2013-3-1";22857,28;2013;3;2025-09-04
"40";"Unidad de fomento (UF)";"2013-4-1";22898,59;2013;4;2025-09-04
"41";"Unidad de fomento (UF)";"2013-5-1";22933,69;2013;5;2025-09-04
"42";"Unidad de fomento (UF)";"2013-6-1";22857,11;2013;6;2025-09-04
"43";"Unidad de fomento (UF)";"2013-7-1";22888,71;2013;7;2025-09-04
"44";"Unidad de fomento (UF)";"2013-8-1";23002,78;2013;8;2025-09-04
"45";"Unidad de fomento (UF)";"2013-9-1";23067,92;2013;9;2025-09-04
"46";"Unidad de fomento (UF)";"2013-10-1";23133,47;2013;10;2025-09-04
"47";"Unidad de fomento (UF)";"2013-11-1";23221,88;2013;11;2025-09-04
"48";"Unidad de fomento (UF)";"2013-12-1";23267,17;2013;12;2025-09-04
"49";"Unidad de fomento (UF)";"2014-1-1";23369,91;2014;1;2025-09-04
"50";"Unidad de fomento (UF)";"2014-2-1";23482,16;2014;2;2025-09-04
"51";"Unidad de fomento (UF)";"2014-3-1";23552,54;2014;3;2025-09-04
"52";"Unidad de fomento (UF)";"2014-4-1";23685,06;2014;4;2025-09-04
"53";"Unidad de fomento (UF)";"2014-5-1";23860,55;2014;5;2025-09-04
"54";"Unidad de fomento (UF)";"2014-6-1";23986,19;2014;6;2025-09-04
"55";"Unidad de fomento (UF)";"2014-7-1";24048,75;2014;7;2025-09-04
"56";"Unidad de fomento (UF)";"2014-8-1";24081,02;2014;8;2025-09-04
"57";"Unidad de fomento (UF)";"2014-9-1";24134,09;2014;9;2025-09-04
"58";"Unidad de fomento (UF)";"2014-10-1";24237,79;2014;10;2025-09-04
"59";"Unidad de fomento (UF)";"2014-11-1";24438,18;2014;11;2025-09-04
"60";"Unidad de fomento (UF)";"2014-12-1";24617,62;2014;12;2025-09-04
"61";"Unidad de fomento (UF)";"2015-1-1";24601,14;2015;1;2025-09-04
"62";"Unidad de fomento (UF)";"2015-2-1";24538,61;2015;2;2025-09-04
"63";"Unidad de fomento (UF)";"2015-3-1";24577,93;2015;3;2025-09-04
"64";"Unidad de fomento (UF)";"2015-4-1";24685,43;2015;4;2025-09-04
"65";"Unidad de fomento (UF)";"2015-5-1";24832,61;2015;5;2025-09-04
"66";"Unidad de fomento (UF)";"2015-6-1";24955,07;2015;6;2025-09-04
"67";"Unidad de fomento (UF)";"2015-7-1";25028,87;2015;7;2025-09-04
"68";"Unidad de fomento (UF)";"2015-8-1";25144,67;2015;8;2025-09-04
"69";"Unidad de fomento (UF)";"2015-9-1";25264,76;2015;9;2025-09-04
"70";"Unidad de fomento (UF)";"2015-10-1";25426,52;2015;10;2025-09-04
"71";"Unidad de fomento (UF)";"2015-11-1";25548,23;2015;11;2025-09-04
"72";"Unidad de fomento (UF)";"2015-12-1";25625,13;2015;12;2025-09-04
"73";"Unidad de fomento (UF)";"2016-1-1";25629,09;2016;1;2025-09-04
"74";"Unidad de fomento (UF)";"2016-2-1";25661,05;2016;2;2025-09-04
"75";"Unidad de fomento (UF)";"2016-3-1";25772,43;2016;3;2025-09-04
"76";"Unidad de fomento (UF)";"2016-4-1";25858,01;2016;4;2025-09-04
"77";"Unidad de fomento (UF)";"2016-5-1";25954,31;2016;5;2025-09-04
"78";"Unidad de fomento (UF)";"2016-6-1";26025,99;2016;6;2025-09-04
"79";"Unidad de fomento (UF)";"2016-7-1";26093,1;2016;7;2025-09-04
"80";"Unidad de fomento (UF)";"2016-8-1";26181,82;2016;8;2025-09-04
"81";"Unidad de fomento (UF)";"2016-9-1";26222,27;2016;9;2025-09-04
"82";"Unidad de fomento (UF)";"2016-10-1";26238,1;2016;10;2025-09-04
"83";"Unidad de fomento (UF)";"2016-11-1";26288,2;2016;11;2025-09-04
"84";"Unidad de fomento (UF)";"2016-12-1";26334,19;2016;12;2025-09-04
"85";"Unidad de fomento (UF)";"2017-1-1";26340,76;2017;1;2025-09-04
"86";"Unidad de fomento (UF)";"2017-2-1";26336,93;2017;2;2025-09-04
"87";"Unidad de fomento (UF)";"2017-3-1";26442,88;2017;3;2025-09-04
"88";"Unidad de fomento (UF)";"2017-4-1";26512,42;2017;4;2025-09-04
"89";"Unidad de fomento (UF)";"2017-5-1";26603,14;2017;5;2025-09-04
"90";"Unidad de fomento (UF)";"2017-6-1";26651,22;2017;6;2025-09-04
"91";"Unidad de fomento (UF)";"2017-7-1";26643,94;2017;7;2025-09-04
"92";"Unidad de fomento (UF)";"2017-8-1";26584,37;2017;8;2025-09-04
"93";"Unidad de fomento (UF)";"2017-9-1";26631,13;2017;9;2025-09-04
"94";"Unidad de fomento (UF)";"2017-10-1";26656,66;2017;10;2025-09-04
"95";"Unidad de fomento (UF)";"2017-11-1";26662,41;2017;11;2025-09-04
"96";"Unidad de fomento (UF)";"2017-12-1";26779,99;2017;12;2025-09-04
"97";"Unidad de fomento (UF)";"2018-1-1";26811,97;2018;1;2025-09-04
"98";"Unidad de fomento (UF)";"2018-2-1";26864,09;2018;2;2025-09-04
"99";"Unidad de fomento (UF)";"2018-3-1";26961,32;2018;3;2025-09-04
"100";"Unidad de fomento (UF)";"2018-4-1";26980,73;2018;4;2025-09-04
"101";"Unidad de fomento (UF)";"2018-5-1";27040,06;2018;5;2025-09-04
"102";"Unidad de fomento (UF)";"2018-6-1";27119,59;2018;6;2025-09-04
"103";"Unidad de fomento (UF)";"2018-7-1";27187,19;2018;7;2025-09-04
"104";"Unidad de fomento (UF)";"2018-8-1";27237,98;2018;8;2025-09-04
"105";"Unidad de fomento (UF)";"2018-9-1";27329,01;2018;9;2025-09-04
"106";"Unidad de fomento (UF)";"2018-10-1";27393,34;2018;10;2025-09-04
"107";"Unidad de fomento (UF)";"2018-11-1";27480,95;2018;11;2025-09-04
"108";"Unidad de fomento (UF)";"2018-12-1";27561,53;2018;12;2025-09-04
"109";"Unidad de fomento (UF)";"2019-1-1";27558,53;2019;1;2025-09-04
"110";"Unidad de fomento (UF)";"2019-2-1";27546,04;2019;2;2025-09-04
"111";"Unidad de fomento (UF)";"2019-3-1";27564,62;2019;3;2025-09-04
"112";"Unidad de fomento (UF)";"2019-4-1";27601,09;2019;4;2025-09-04
"113";"Unidad de fomento (UF)";"2019-5-1";27720,11;2019;5;2025-09-04
"114";"Unidad de fomento (UF)";"2019-6-1";27826,2;2019;6;2025-09-04
"115";"Unidad de fomento (UF)";"2019-7-1";27946,95;2019;7;2025-09-04
"116";"Unidad de fomento (UF)";"2019-8-1";27968,13;2019;8;2025-09-04
"117";"Unidad de fomento (UF)";"2019-9-1";28021,53;2019;9;2025-09-04
"118";"Unidad de fomento (UF)";"2019-10-1";28063,18;2019;10;2025-09-04
"119";"Unidad de fomento (UF)";"2019-11-1";28122,86;2019;11;2025-09-04
"120";"Unidad de fomento (UF)";"2019-12-1";28288,6;2019;12;2025-09-04
"121";"Unidad de fomento (UF)";"2020-1-1";28324,55;2020;1;2025-09-04
"122";"Unidad de fomento (UF)";"2020-2-1";28387,75;2020;2;2025-09-04
"123";"Unidad de fomento (UF)";"2020-3-1";28539,73;2020;3;2025-09-04
"124";"Unidad de fomento (UF)";"2020-4-1";28648,24;2020;4;2025-09-04
"125";"Unidad de fomento (UF)";"2020-5-1";28713,19;2020;5;2025-09-04
"126";"Unidad de fomento (UF)";"2020-6-1";28709,15;2020;6;2025-09-04
"127";"Unidad de fomento (UF)";"2020-7-1";28681,36;2020;7;2025-09-04
"128";"Unidad de fomento (UF)";"2020-8-1";28667,73;2020;8;2025-09-04
"129";"Unidad de fomento (UF)";"2020-9-1";28694,02;2020;9;2025-09-04
"130";"Unidad de fomento (UF)";"2020-10-1";28760,64;2020;10;2025-09-04
"131";"Unidad de fomento (UF)";"2020-11-1";28933,88;2020;11;2025-09-04
"132";"Unidad de fomento (UF)";"2020-12-1";29075,47;2020;12;2025-09-04
"133";"Unidad de fomento (UF)";"2021-1-1";29085,91;2021;1;2025-09-04
"134";"Unidad de fomento (UF)";"2021-2-1";29194,81;2021;2;2025-09-04
"135";"Unidad de fomento (UF)";"2021-3-1";29360,08;2021;3;2025-09-04
"136";"Unidad de fomento (UF)";"2021-4-1";29439,72;2021;4;2025-09-04
"137";"Unidad de fomento (UF)";"2021-5-1";29555,98;2021;5;2025-09-04
"138";"Unidad de fomento (UF)";"2021-6-1";29665,83;2021;6;2025-09-04
"139";"Unidad de fomento (UF)";"2021-7-1";29740,92;2021;7;2025-09-04
"140";"Unidad de fomento (UF)";"2021-8-1";29827,73;2021;8;2025-09-04
"141";"Unidad de fomento (UF)";"2021-9-1";30025,93;2021;9;2025-09-04
"142";"Unidad de fomento (UF)";"2021-10-1";30214,65;2021;10;2025-09-04
"143";"Unidad de fomento (UF)";"2021-11-1";30573,24;2021;11;2025-09-04
"144";"Unidad de fomento (UF)";"2021-12-1";30907,42;2021;12;2025-09-04
"145";"Unidad de fomento (UF)";"2022-1-1";31096,09;2022;1;2025-09-04
"146";"Unidad de fomento (UF)";"2022-2-1";31365,3;2022;2;2025-09-04
"147";"Unidad de fomento (UF)";"2022-3-1";31669,7;2022;3;2025-09-04
"148";"Unidad de fomento (UF)";"2022-4-1";31905,76;2022;4;2025-09-04
"149";"Unidad de fomento (UF)";"2022-5-1";32453,99;2022;5;2025-09-04
"150";"Unidad de fomento (UF)";"2022-6-1";32894,82;2022;6;2025-09-04
"151";"Unidad de fomento (UF)";"2022-7-1";33268,63;2022;7;2025-09-04
"152";"Unidad de fomento (UF)";"2022-8-1";33616,11;2022;8;2025-09-04
"153";"Unidad de fomento (UF)";"2022-9-1";34059,41;2022;9;2025-09-04
"154";"Unidad de fomento (UF)";"2022-10-1";34446,46;2022;10;2025-09-04
"155";"Unidad de fomento (UF)";"2022-11-1";34722,91;2022;11;2025-09-04
"156";"Unidad de fomento (UF)";"2022-12-1";34948,74;2022;12;2025-09-04
"157";"Unidad de fomento (UF)";"2023-1-1";35227,24;2023;1;2025-09-04
"158";"Unidad de fomento (UF)";"2023-2-1";35382,14;2023;2;2025-09-04
"159";"Unidad de fomento (UF)";"2023-3-1";35579,62;2023;3;2025-09-04
"160";"Unidad de fomento (UF)";"2023-4-1";35666,65;2023;4;2025-09-04
"161";"Unidad de fomento (UF)";"2023-5-1";35969,53;2023;5;2025-09-04
"162";"Unidad de fomento (UF)";"2023-6-1";36069,31;2023;6;2025-09-04
"163";"Unidad de fomento (UF)";"2023-7-1";36079,89;2023;7;2025-09-04
"164";"Unidad de fomento (UF)";"2023-8-1";36068,7;2023;8;2025-09-04
"165";"Unidad de fomento (UF)";"2023-9-1";36175,9;2023;9;2025-09-04
"166";"Unidad de fomento (UF)";"2023-10-1";36273,59;2023;10;2025-09-04
"167";"Unidad de fomento (UF)";"2023-11-1";36489,4;2023;11;2025-09-04
"168";"Unidad de fomento (UF)";"2023-12-1";36669,38;2023;12;2025-09-04
"169";"Unidad de fomento (UF)";"2024-1-1";36805,73;2024;1;2025-09-04
"170";"Unidad de fomento (UF)";"2024-2-1";36750,98;2024;2;2025-09-04
"171";"Unidad de fomento (UF)";"2024-3-1";36984,32;2024;3;2025-09-04
"172";"Unidad de fomento (UF)";"2024-4-1";37187,51;2024;4;2025-09-04
"173";"Unidad de fomento (UF)";"2024-5-1";37349,91;2024;5;2025-09-04
"174";"Unidad de fomento (UF)";"2024-6-1";37514,77;2024;6;2025-09-04
"175";"Unidad de fomento (UF)";"2024-7-1";37591,38;2024;7;2025-09-04
"176";"Unidad de fomento (UF)";"2024-8-1";37638,55;2024;8;2025-09-04
"177";"Unidad de fomento (UF)";"2024-9-1";37849,91;2024;9;2025-09-04
"178";"Unidad de fomento (UF)";"2024-10-1";37950,09;2024;10;2025-09-04
"179";"Unidad de fomento (UF)";"2024-11-1";38078,21;2024;11;2025-09-04
"180";"Unidad de fomento (UF)";"2024-12-1";38367,69;2024;12;2025-09-04
"181";"Unidad de fomento (UF)";"2025-1-1";38415,85;2025;1;2025-09-04
"182";"Unidad de fomento (UF)";"2025-2-1";38467,25;2025;2;2025-09-04
"183";"Unidad de fomento (UF)";"2025-3-1";38807,3;2025;3;2025-09-04
"184";"Unidad de fomento (UF)";"2025-4-1";38983,11;2025;4;2025-09-04
"185";"Unidad de fomento (UF)";"2025-5-1";39146,96;2025;5;2025-09-04
"186";"Unidad de fomento (UF)";"2025-6-1";39229,28;2025;6;2025-09-04
"187";"Unidad de fomento (UF)";"2025-7-1";39246,15;2025;7;2025-09-04
"188";"Unidad de fomento (UF)";"2025-8-1";39231,84;2025;8;2025-09-04
"189";"Indice de valor promedio (IVP)";"2010-1-1";21861,9;2010;1;2025-09-04
"190";"Indice de valor promedio (IVP)";"2010-2-1";21850,2;2010;2;2025-09-04
"191";"Indice de valor promedio (IVP)";"2010-3-1";21870,12;2010;3;2025-09-04
"192";"Indice de valor promedio (IVP)";"2010-4-1";21901,4;2010;4;2025-09-04
"193";"Indice de valor promedio (IVP)";"2010-5-1";21910,94;2010;5;2025-09-04
"194";"Indice de valor promedio (IVP)";"2010-6-1";21938,19;2010;6;2025-09-04
"195";"Indice de valor promedio (IVP)";"2010-7-1";21989,64;2010;7;2025-09-04
"196";"Indice de valor promedio (IVP)";"2010-8-1";22054,54;2010;8;2025-09-04
"197";"Indice de valor promedio (IVP)";"2010-9-1";22118,44;2010;9;2025-09-04
"198";"Indice de valor promedio (IVP)";"2010-10-1";22175,34;2010;10;2025-09-04
"199";"Indice de valor promedio (IVP)";"2010-11-1";22236,76;2010;11;2025-09-04
"200";"Indice de valor promedio (IVP)";"2010-12-1";22286,11;2010;12;2025-09-04
"201";"Indice de valor promedio (IVP)";"2011-1-1";22329,56;2011;1;2025-09-04
"202";"Indice de valor promedio (IVP)";"2011-2-1";22370,43;2011;2;2025-09-04
"203";"Indice de valor promedio (IVP)";"2011-3-1";22405,5;2011;3;2025-09-04
"204";"Indice de valor promedio (IVP)";"2011-4-1";22453,08;2011;4;2025-09-04
"205";"Indice de valor promedio (IVP)";"2011-5-1";22513,05;2011;5;2025-09-04
"206";"Indice de valor promedio (IVP)";"2011-6-1";22582,83;2011;6;2025-09-04
"207";"Indice de valor promedio (IVP)";"2011-7-1";22662,56;2011;7;2025-09-04
"208";"Indice de valor promedio (IVP)";"2011-8-1";22744,56;2011;8;2025-09-04
"209";"Indice de valor promedio (IVP)";"2011-9-1";22820,54;2011;9;2025-09-04
"210";"Indice de valor promedio (IVP)";"2011-10-1";22891,61;2011;10;2025-09-04
"211";"Indice de valor promedio (IVP)";"2011-11-1";22957,38;2011;11;2025-09-04
"212";"Indice de valor promedio (IVP)";"2011-12-1";23026,41;2011;12;2025-09-04
"213";"Indice de valor promedio (IVP)";"2012-1-1";23099,44;2012;1;2025-09-04
"214";"Indice de valor promedio (IVP)";"2012-2-1";23181,14;2012;2;2025-09-04
"215";"Indice de valor promedio (IVP)";"2012-3-1";23265,31;2012;3;2025-09-04
"216";"Indice de valor promedio (IVP)";"2012-4-1";23354,51;2012;4;2025-09-04
"217";"Indice de valor promedio (IVP)";"2012-5-1";23430,42;2012;5;2025-09-04
"218";"Indice de valor promedio (IVP)";"2012-6-1";23491,69;2012;6;2025-09-04
"219";"Indice de valor promedio (IVP)";"2012-7-1";23534,64;2012;7;2025-09-04
"220";"Indice de valor promedio (IVP)";"2012-8-1";23551,83;2012;8;2025-09-04
"221";"Indice de valor promedio (IVP)";"2012-9-1";23563,06;2012;9;2025-09-04
"222";"Indice de valor promedio (IVP)";"2012-10-1";23575,56;2012;10;2025-09-04
"223";"Indice de valor promedio (IVP)";"2012-11-1";23609,42;2012;11;2025-09-04
"224";"Indice de valor promedio (IVP)";"2012-12-1";23653,17;2012;12;2025-09-04
"225";"Indice de valor promedio (IVP)";"2013-1-1";23688,17;2013;1;2025-09-04
"226";"Indice de valor promedio (IVP)";"2013-2-1";23729,49;2013;2;2025-09-04
"227";"Indice de valor promedio (IVP)";"2013-3-1";23775,58;2013;3;2025-09-04
"228";"Indice de valor promedio (IVP)";"2013-4-1";23817,69;2013;4;2025-09-04
"229";"Indice de valor promedio (IVP)";"2013-5-1";23837,52;2013;5;2025-09-04
"230";"Indice de valor promedio (IVP)";"2013-6-1";23832,15;2013;6;2025-09-04
"231";"Indice de valor promedio (IVP)";"2013-7-1";23844,9;2013;7;2025-09-04
"232";"Indice de valor promedio (IVP)";"2013-8-1";23878,47;2013;8;2025-09-04
"233";"Indice de valor promedio (IVP)";"2013-9-1";23915,93;2013;9;2025-09-04
"234";"Indice de valor promedio (IVP)";"2013-10-1";23958,37;2013;10;2025-09-04
"235";"Indice de valor promedio (IVP)";"2013-11-1";24011,55;2013;11;2025-09-04
"236";"Indice de valor promedio (IVP)";"2013-12-1";24086,74;2013;12;2025-09-04
"237";"Indice de valor promedio (IVP)";"2014-1-1";24175,02;2014;1;2025-09-04
"238";"Indice de valor promedio (IVP)";"2014-2-1";24257,57;2014;2;2025-09-04
"239";"Indice de valor promedio (IVP)";"2014-3-1";24341,22;2014;3;2025-09-04
"240";"Indice de valor promedio (IVP)";"2014-4-1";24438,65;2014;4;2025-09-04
"241";"Indice de valor promedio (IVP)";"2014-5-1";24550,89;2014;5;2025-09-04
"242";"Indice de valor promedio (IVP)";"2014-6-1";24677,61;2014;6;2025-09-04
"243";"Indice de valor promedio (IVP)";"2014-7-1";24798,32;2014;7;2025-09-04
"244";"Indice de valor promedio (IVP)";"2014-8-1";24906,2;2014;8;2025-09-04
"245";"Indice de valor promedio (IVP)";"2014-9-1";25011,43;2014;9;2025-09-04
"246";"Indice de valor promedio (IVP)";"2014-10-1";25111,51;2014;10;2025-09-04
"247";"Indice de valor promedio (IVP)";"2014-11-1";25216,3;2014;11;2025-09-04
"248";"Indice de valor promedio (IVP)";"2014-12-1";25330,14;2014;12;2025-09-04
"249";"Indice de valor promedio (IVP)";"2015-1-1";25432,63;2015;1;2025-09-04
"250";"Indice de valor promedio (IVP)";"2015-2-1";25515,05;2015;2;2025-09-04
"251";"Indice de valor promedio (IVP)";"2015-3-1";25593,08;2015;3;2025-09-04
"252";"Indice de valor promedio (IVP)";"2015-4-1";25673,14;2015;4;2025-09-04
"253";"Indice de valor promedio (IVP)";"2015-5-1";25741,54;2015;5;2025-09-04
"254";"Indice de valor promedio (IVP)";"2015-6-1";25797,74;2015;6;2025-09-04
"255";"Indice de valor promedio (IVP)";"2015-7-1";25868,44;2015;7;2025-09-04
"256";"Indice de valor promedio (IVP)";"2015-8-1";25972,65;2015;8;2025-09-04
"257";"Indice de valor promedio (IVP)";"2015-9-1";26090,73;2015;9;2025-09-04
"258";"Indice de valor promedio (IVP)";"2015-10-1";26217,2;2015;10;2025-09-04
"259";"Indice de valor promedio (IVP)";"2015-11-1";26339,62;2015;11;2025-09-04
"260";"Indice de valor promedio (IVP)";"2015-12-1";26454,48;2015;12;2025-09-04
"261";"Indice de valor promedio (IVP)";"2016-1-1";26559,81;2016;1;2025-09-04
"262";"Indice de valor promedio (IVP)";"2016-2-1";26647,64;2016;2;2025-09-04
"263";"Indice de valor promedio (IVP)";"2016-3-1";26731,86;2016;3;2025-09-04
"264";"Indice de valor promedio (IVP)";"2016-4-1";26804,69;2016;4;2025-09-04
"265";"Indice de valor promedio (IVP)";"2016-5-1";26871,92;2016;5;2025-09-04
"266";"Indice de valor promedio (IVP)";"2016-6-1";26939,47;2016;6;2025-09-04
"267";"Indice de valor promedio (IVP)";"2016-7-1";27020,4;2016;7;2025-09-04
"268";"Indice de valor promedio (IVP)";"2016-8-1";27114,88;2016;8;2025-09-04
"269";"Indice de valor promedio (IVP)";"2016-9-1";27198,97;2016;9;2025-09-04
"270";"Indice de valor promedio (IVP)";"2016-10-1";27273,21;2016;10;2025-09-04
"271";"Indice de valor promedio (IVP)";"2016-11-1";27341,27;2016;11;2025-09-04
"272";"Indice de valor promedio (IVP)";"2016-12-1";27401,96;2016;12;2025-09-04
"273";"Indice de valor promedio (IVP)";"2017-1-1";27450,05;2017;1;2025-09-04
"274";"Indice de valor promedio (IVP)";"2017-2-1";27478,51;2017;2;2025-09-04
"275";"Indice de valor promedio (IVP)";"2017-3-1";27517,62;2017;3;2025-09-04
"276";"Indice de valor promedio (IVP)";"2017-4-1";27566,75;2017;4;2025-09-04
"277";"Indice de valor promedio (IVP)";"2017-5-1";27621,64;2017;5;2025-09-04
"278";"Indice de valor promedio (IVP)";"2017-6-1";27680,37;2017;6;2025-09-04
"279";"Indice de valor promedio (IVP)";"2017-7-1";27739,43;2017;7;2025-09-04
"280";"Indice de valor promedio (IVP)";"2017-8-1";27789,97;2017;8;2025-09-04
"281";"Indice de valor promedio (IVP)";"2017-9-1";27829,15;2017;9;2025-09-04
"282";"Indice de valor promedio (IVP)";"2017-10-1";27859,85;2017;10;2025-09-04
"283";"Indice de valor promedio (IVP)";"2017-11-1";27877,27;2017;11;2025-09-04
"284";"Indice de valor promedio (IVP)";"2017-12-1";27904,48;2017;12;2025-09-04
"285";"Indice de valor promedio (IVP)";"2018-1-1";27938,08;2018;1;2025-09-04
"286";"Indice de valor promedio (IVP)";"2018-2-1";27989,04;2018;2;2025-09-04
"287";"Indice de valor promedio (IVP)";"2018-3-1";28046,69;2018;3;2025-09-04
"288";"Indice de valor promedio (IVP)";"2018-4-1";28106,45;2018;4;2025-09-04
"289";"Indice de valor promedio (IVP)";"2018-5-1";28174,56;2018;5;2025-09-04
"290";"Indice de valor promedio (IVP)";"2018-6-1";28237,03;2018;6;2025-09-04
"291";"Indice de valor promedio (IVP)";"2018-7-1";28304,97;2018;7;2025-09-04
"292";"Indice de valor promedio (IVP)";"2018-8-1";28371,94;2018;8;2025-09-04
"293";"Indice de valor promedio (IVP)";"2018-9-1";28435,56;2018;9;2025-09-04
"294";"Indice de valor promedio (IVP)";"2018-10-1";28504,49;2018;10;2025-09-04
"295";"Indice de valor promedio (IVP)";"2018-11-1";28579,11;2018;11;2025-09-04
"296";"Indice de valor promedio (IVP)";"2018-12-1";28651,96;2018;12;2025-09-04
"297";"Indice de valor promedio (IVP)";"2019-1-1";28714,42;2019;1;2025-09-04
"298";"Indice de valor promedio (IVP)";"2019-2-1";28764,23;2019;2;2025-09-04
"299";"Indice de valor promedio (IVP)";"2019-3-1";28804,03;2019;3;2025-09-04
"300";"Indice de valor promedio (IVP)";"2019-4-1";28842,14;2019;4;2025-09-04
"301";"Indice de valor promedio (IVP)";"2019-5-1";28883,46;2019;5;2025-09-04
"302";"Indice de valor promedio (IVP)";"2019-6-1";28929,42;2019;6;2025-09-04
"303";"Indice de valor promedio (IVP)";"2019-7-1";28997,78;2019;7;2025-09-04
"304";"Indice de valor promedio (IVP)";"2019-8-1";29075,5;2019;8;2025-09-04
"305";"Indice de valor promedio (IVP)";"2019-9-1";29157,87;2019;9;2025-09-04
"306";"Indice de valor promedio (IVP)";"2019-10-1";29238,8;2019;10;2025-09-04
"307";"Indice de valor promedio (IVP)";"2019-11-1";29311,37;2019;11;2025-09-04
"308";"Indice de valor promedio (IVP)";"2019-12-1";29395,26;2019;12;2025-09-04
"309";"Indice de valor promedio (IVP)";"2020-1-1";29464,73;2020;1;2025-09-04
"310";"Indice de valor promedio (IVP)";"2020-2-1";29537,62;2020;2;2025-09-04
"311";"Indice de valor promedio (IVP)";"2020-3-1";29627,75;2020;3;2025-09-04
"312";"Indice de valor promedio (IVP)";"2020-4-1";29731,55;2020;4;2025-09-04
"313";"Indice de valor promedio (IVP)";"2020-5-1";29835,74;2020;5;2025-09-04
"314";"Indice de valor promedio (IVP)";"2020-6-1";29909,65;2020;6;2025-09-04
"315";"Indice de valor promedio (IVP)";"2020-7-1";29975,18;2020;7;2025-09-04
"316";"Indice de valor promedio (IVP)";"2020-8-1";30028,52;2020;8;2025-09-04
"317";"Indice de valor promedio (IVP)";"2020-9-1";30058,69;2020;9;2025-09-04
"318";"Indice de valor promedio (IVP)";"2020-10-1";30083,2;2020;10;2025-09-04
"319";"Indice de valor promedio (IVP)";"2020-11-1";30126,93;2020;11;2025-09-04
"320";"Indice de valor promedio (IVP)";"2020-12-1";30195,87;2020;12;2025-09-04
"321";"Indice de valor promedio (IVP)";"2021-1-1";30270,17;2021;1;2025-09-04
"322";"Indice de valor promedio (IVP)";"2021-2-1";30361,15;2021;2;2025-09-04
"323";"Indice de valor promedio (IVP)";"2021-3-1";30475,88;2021;3;2025-09-04
"324";"Indice de valor promedio (IVP)";"2021-4-1";30595,91;2021;4;2025-09-04
"325";"Indice de valor promedio (IVP)";"2021-5-1";30702,48;2021;5;2025-09-04
"326";"Indice de valor promedio (IVP)";"2021-6-1";30803,54;2021;6;2025-09-04
"327";"Indice de valor promedio (IVP)";"2021-7-1";30915,22;2021;7;2025-09-04
"328";"Indice de valor promedio (IVP)";"2021-8-1";31022,45;2021;8;2025-09-04
"329";"Indice de valor promedio (IVP)";"2021-9-1";31133,43;2021;9;2025-09-04
"330";"Indice de valor promedio (IVP)";"2021-10-1";31261,31;2021;10;2025-09-04
"331";"Indice de valor promedio (IVP)";"2021-11-1";31431,87;2021;11;2025-09-04
"332";"Indice de valor promedio (IVP)";"2021-12-1";31643,27;2021;12;2025-09-04
"333";"Indice de valor promedio (IVP)";"2022-1-1";31880,67;2022;1;2025-09-04
"334";"Indice de valor promedio (IVP)";"2022-2-1";32137,33;2022;2;2025-09-04
"335";"Indice de valor promedio (IVP)";"2022-3-1";32412,55;2022;3;2025-09-04
"336";"Indice de valor promedio (IVP)";"2022-4-1";32710,02;2022;4;2025-09-04
"337";"Indice de valor promedio (IVP)";"2022-5-1";33036,72;2022;5;2025-09-04
"338";"Indice de valor promedio (IVP)";"2022-6-1";33380,88;2022;6;2025-09-04
"339";"Indice de valor promedio (IVP)";"2022-7-1";33758,07;2022;7;2025-09-04
"340";"Indice de valor promedio (IVP)";"2022-8-1";34157,59;2022;8;2025-09-04
"341";"Indice de valor promedio (IVP)";"2022-9-1";34574,04;2022;9;2025-09-04
"342";"Indice de valor promedio (IVP)";"2022-10-1";35014,35;2022;10;2025-09-04
"343";"Indice de valor promedio (IVP)";"2022-11-1";35409,96;2022;11;2025-09-04
"344";"Indice de valor promedio (IVP)";"2022-12-1";35766,89;2022;12;2025-09-04
"345";"Indice de valor promedio (IVP)";"2023-1-1";36112,24;2023;1;2025-09-04
"346";"Indice de valor promedio (IVP)";"2023-2-1";36408,56;2023;2;2025-09-04
"347";"Indice de valor promedio (IVP)";"2023-3-1";36661,79;2023;3;2025-09-04
"348";"Indice de valor promedio (IVP)";"2023-4-1";36876,25;2023;4;2025-09-04
"349";"Indice de valor promedio (IVP)";"2023-5-1";37094,98;2023;5;2025-09-04
"350";"Indice de valor promedio (IVP)";"2023-6-1";37293,5;2023;6;2025-09-04
"351";"Indice de valor promedio (IVP)";"2023-7-1";37446,62;2023;7;2025-09-04
"352";"Indice de valor promedio (IVP)";"2023-8-1";37574,12;2023;8;2025-09-04
"353";"Indice de valor promedio (IVP)";"2023-9-1";37681,48;2023;9;2025-09-04
"354";"Indice de valor promedio (IVP)";"2023-10-1";37787,91;2023;10;2025-09-04
"355";"Indice de valor promedio (IVP)";"2023-11-1";37879,33;2023;11;2025-09-04
"356";"Indice de valor promedio (IVP)";"2023-12-1";37985,98;2023;12;2025-09-04
"357";"Indice de valor promedio (IVP)";"2024-1-1";38116,94;2024;1;2025-09-04
"358";"Indice de valor promedio (IVP)";"2024-2-1";38233,23;2024;2;2025-09-04
"359";"Indice de valor promedio (IVP)";"2024-3-1";38371,92;2024;3;2025-09-04
"360";"Indice de valor promedio (IVP)";"2024-4-1";38531,48;2024;4;2025-09-04
"361";"Indice de valor promedio (IVP)";"2024-5-1";38680,2;2024;5;2025-09-04
"362";"Indice de valor promedio (IVP)";"2024-6-1";38824,85;2024;6;2025-09-04
"363";"Indice de valor promedio (IVP)";"2024-7-1";38956,03;2024;7;2025-09-04
"364";"Indice de valor promedio (IVP)";"2024-8-1";39110,94;2024;8;2025-09-04
"365";"Indice de valor promedio (IVP)";"2024-9-1";39262,32;2024;9;2025-09-04
"366";"Indice de valor promedio (IVP)";"2024-10-1";39392,77;2024;10;2025-09-04
"367";"Indice de valor promedio (IVP)";"2024-11-1";39517,45;2024;11;2025-09-04
"368";"Indice de valor promedio (IVP)";"2024-12-1";39662,1;2024;12;2025-09-04
"369";"Indice de valor promedio (IVP)";"2025-1-1";39808,65;2025;1;2025-09-04
"370";"Indice de valor promedio (IVP)";"2025-2-1";39948,12;2025;2;2025-09-04
"371";"Indice de valor promedio (IVP)";"2025-3-1";40105,72;2025;3;2025-09-04
"372";"Indice de valor promedio (IVP)";"2025-4-1";40285,59;2025;4;2025-09-04
"373";"Indice de valor promedio (IVP)";"2025-5-1";40472,19;2025;5;2025-09-04
"374";"Indice de valor promedio (IVP)";"2025-6-1";40623,34;2025;6;2025-09-04
"375";"Indice de valor promedio (IVP)";"2025-7-1";40765,91;2025;7;2025-09-04
"376";"Indice de valor promedio (IVP)";"2025-8-1";40898,09;2025;8;2025-09-04
"377";"Unidad tributaria mensual (UTM)";"2010-1-1";36679;2010;1;2025-09-04
"378";"Unidad tributaria mensual (UTM)";"2010-2-1";36569;2010;2;2025-09-04
"379";"Unidad tributaria mensual (UTM)";"2010-3-1";36752;2010;3;2025-09-04
"380";"Unidad tributaria mensual (UTM)";"2010-4-1";36862;2010;4;2025-09-04
"381";"Unidad tributaria mensual (UTM)";"2010-5-1";36899;2010;5;2025-09-04
"382";"Unidad tributaria mensual (UTM)";"2010-6-1";37083;2010;6;2025-09-04
"383";"Unidad tributaria mensual (UTM)";"2010-7-1";37231;2010;7;2025-09-04
"384";"Unidad tributaria mensual (UTM)";"2010-8-1";37231;2010;8;2025-09-04
"385";"Unidad tributaria mensual (UTM)";"2010-9-1";37454;2010;9;2025-09-04
"386";"Unidad tributaria mensual (UTM)";"2010-10-1";37417;2010;10;2025-09-04
"387";"Unidad tributaria mensual (UTM)";"2010-11-1";37567;2010;11;2025-09-04
"388";"Unidad tributaria mensual (UTM)";"2010-12-1";37605;2010;12;2025-09-04
"389";"Unidad tributaria mensual (UTM)";"2011-1-1";37643;2011;1;2025-09-04
"390";"Unidad tributaria mensual (UTM)";"2011-2-1";37681;2011;2;2025-09-04
"391";"Unidad tributaria mensual (UTM)";"2011-3-1";37794;2011;3;2025-09-04
"392";"Unidad tributaria mensual (UTM)";"2011-4-1";37870;2011;4;2025-09-04
"393";"Unidad tributaria mensual (UTM)";"2011-5-1";38173;2011;5;2025-09-04
"394";"Unidad tributaria mensual (UTM)";"2011-6-1";38288;2011;6;2025-09-04
"395";"Unidad tributaria mensual (UTM)";"2011-7-1";38441;2011;7;2025-09-04
"396";"Unidad tributaria mensual (UTM)";"2011-8-1";38518;2011;8;2025-09-04
"397";"Unidad tributaria mensual (UTM)";"2011-9-1";38557;2011;9;2025-09-04
"398";"Unidad tributaria mensual (UTM)";"2011-10-1";38634;2011;10;2025-09-04
"399";"Unidad tributaria mensual (UTM)";"2011-11-1";38827;2011;11;2025-09-04
"400";"Unidad tributaria mensual (UTM)";"2011-12-1";39021;2011;12;2025-09-04
"401";"Unidad tributaria mensual (UTM)";"2012-1-1";39138;2012;1;2025-09-04
"402";"Unidad tributaria mensual (UTM)";"2012-2-1";39373;2012;2;2025-09-04
"403";"Unidad tributaria mensual (UTM)";"2012-3-1";39412;2012;3;2025-09-04
"404";"Unidad tributaria mensual (UTM)";"2012-4-1";39570;2012;4;2025-09-04
"405";"Unidad tributaria mensual (UTM)";"2012-5-1";39649;2012;5;2025-09-04
"406";"Unidad tributaria mensual (UTM)";"2012-6-1";39689;2012;6;2025-09-04
"407";"Unidad tributaria mensual (UTM)";"2012-7-1";39689;2012;7;2025-09-04
"408";"Unidad tributaria mensual (UTM)";"2012-8-1";39570;2012;8;2025-09-04
"409";"Unidad tributaria mensual (UTM)";"2012-9-1";39570;2012;9;2025-09-04
"410";"Unidad tributaria mensual (UTM)";"2012-10-1";39649;2012;10;2025-09-04
"411";"Unidad tributaria mensual (UTM)";"2012-11-1";39966;2012;11;2025-09-04
"412";"Unidad tributaria mensual (UTM)";"2012-12-1";40206;2012;12;2025-09-04
"413";"Unidad tributaria mensual (UTM)";"2013-1-1";40005;2013;1;2025-09-04
"414";"Unidad tributaria mensual (UTM)";"2013-2-1";40005;2013;2;2025-09-04
"415";"Unidad tributaria mensual (UTM)";"2013-3-1";40085;2013;3;2025-09-04
"416";"Unidad tributaria mensual (UTM)";"2013-4-1";40125;2013;4;2025-09-04
"417";"Unidad tributaria mensual (UTM)";"2013-5-1";40286;2013;5;2025-09-04
"418";"Unidad tributaria mensual (UTM)";"2013-6-1";40085;2013;6;2025-09-04
"419";"Unidad tributaria mensual (UTM)";"2013-7-1";40085;2013;7;2025-09-04
"420";"Unidad tributaria mensual (UTM)";"2013-8-1";40326;2013;8;2025-09-04
"421";"Unidad tributaria mensual (UTM)";"2013-9-1";40447;2013;9;2025-09-04
"422";"Unidad tributaria mensual (UTM)";"2013-10-1";40528;2013;10;2025-09-04
"423";"Unidad tributaria mensual (UTM)";"2013-11-1";40731;2013;11;2025-09-04
"424";"Unidad tributaria mensual (UTM)";"2013-12-1";40772;2013;12;2025-09-04
"425";"Unidad tributaria mensual (UTM)";"2014-1-1";40935;2014;1;2025-09-04
"426";"Unidad tributaria mensual (UTM)";"2014-2-1";41181;2014;2;2025-09-04
"427";"Unidad tributaria mensual (UTM)";"2014-3-1";41263;2014;3;2025-09-04
"428";"Unidad tributaria mensual (UTM)";"2014-4-1";41469;2014;4;2025-09-04
"429";"Unidad tributaria mensual (UTM)";"2014-5-1";41801;2014;5;2025-09-04
"430";"Unidad tributaria mensual (UTM)";"2014-6-1";42052;2014;6;2025-09-04
"431";"Unidad tributaria mensual (UTM)";"2014-7-1";42178;2014;7;2025-09-04
"432";"Unidad tributaria mensual (UTM)";"2014-8-1";42220;2014;8;2025-09-04
"433";"Unidad tributaria mensual (UTM)";"2014-9-1";42304;2014;9;2025-09-04
"434";"Unidad tributaria mensual (UTM)";"2014-10-1";42431;2014;10;2025-09-04
"435";"Unidad tributaria mensual (UTM)";"2014-11-1";42770;2014;11;2025-09-04
"436";"Unidad tributaria mensual (UTM)";"2014-12-1";43198;2014;12;2025-09-04
"437";"Unidad tributaria mensual (UTM)";"2015-1-1";43198;2015;1;2025-09-04
"438";"Unidad tributaria mensual (UTM)";"2015-2-1";43025;2015;2;2025-09-04
"439";"Unidad tributaria mensual (UTM)";"2015-3-1";43068;2015;3;2025-09-04
"440";"Unidad tributaria mensual (UTM)";"2015-4-1";43240;2015;4;2025-09-04
"441";"Unidad tributaria mensual (UTM)";"2015-5-1";43499;2015;5;2025-09-04
"442";"Unidad tributaria mensual (UTM)";"2015-6-1";43760;2015;6;2025-09-04
"443";"Unidad tributaria mensual (UTM)";"2015-7-1";43848;2015;7;2025-09-04
"444";"Unidad tributaria mensual (UTM)";"2015-8-1";44067;2015;8;2025-09-04
"445";"Unidad tributaria mensual (UTM)";"2015-9-1";44243;2015;9;2025-09-04
"446";"Unidad tributaria mensual (UTM)";"2015-10-1";44553;2015;10;2025-09-04
"447";"Unidad tributaria mensual (UTM)";"2015-11-1";44776;2015;11;2025-09-04
"448";"Unidad tributaria mensual (UTM)";"2015-12-1";44955;2015;12;2025-09-04
"449";"Unidad tributaria mensual (UTM)";"2016-1-1";44955;2016;1;2025-09-04
"450";"Unidad tributaria mensual (UTM)";"2016-2-1";44955;2016;2;2025-09-04
"451";"Unidad tributaria mensual (UTM)";"2016-3-1";45180;2016;3;2025-09-04
"452";"Unidad tributaria mensual (UTM)";"2016-4-1";45316;2016;4;2025-09-04
"453";"Unidad tributaria mensual (UTM)";"2016-5-1";45497;2016;5;2025-09-04
"454";"Unidad tributaria mensual (UTM)";"2016-6-1";45633;2016;6;2025-09-04
"455";"Unidad tributaria mensual (UTM)";"2016-7-1";45724;2016;7;2025-09-04
"456";"Unidad tributaria mensual (UTM)";"2016-8-1";45907;2016;8;2025-09-04
"457";"Unidad tributaria mensual (UTM)";"2016-9-1";45999;2016;9;2025-09-04
"458";"Unidad tributaria mensual (UTM)";"2016-10-1";45999;2016;10;2025-09-04
"459";"Unidad tributaria mensual (UTM)";"2016-11-1";46091;2016;11;2025-09-04
"460";"Unidad tributaria mensual (UTM)";"2016-12-1";46183;2016;12;2025-09-04
"461";"Unidad tributaria mensual (UTM)";"2017-1-1";46229;2017;1;2025-09-04
"462";"Unidad tributaria mensual (UTM)";"2017-2-1";46137;2017;2;2025-09-04
"463";"Unidad tributaria mensual (UTM)";"2017-3-1";46368;2017;3;2025-09-04
"464";"Unidad tributaria mensual (UTM)";"2017-4-1";46461;2017;4;2025-09-04
"465";"Unidad tributaria mensual (UTM)";"2017-5-1";46647;2017;5;2025-09-04
"466";"Unidad tributaria mensual (UTM)";"2017-6-1";46740;2017;6;2025-09-04
"467";"Unidad tributaria mensual (UTM)";"2017-7-1";46787;2017;7;2025-09-04
"468";"Unidad tributaria mensual (UTM)";"2017-8-1";46600;2017;8;2025-09-04
"469";"Unidad tributaria mensual (UTM)";"2017-9-1";46693;2017;9;2025-09-04
"470";"Unidad tributaria mensual (UTM)";"2017-10-1";46786;2017;10;2025-09-04
"471";"Unidad tributaria mensual (UTM)";"2017-11-1";46692;2017;11;2025-09-04
"472";"Unidad tributaria mensual (UTM)";"2017-12-1";46972;2017;12;2025-09-04
"473";"Unidad tributaria mensual (UTM)";"2018-1-1";47019;2018;1;2025-09-04
"474";"Unidad tributaria mensual (UTM)";"2018-2-1";47066;2018;2;2025-09-04
"475";"Unidad tributaria mensual (UTM)";"2018-3-1";47301;2018;3;2025-09-04
"476";"Unidad tributaria mensual (UTM)";"2018-4-1";47301;2018;4;2025-09-04
"477";"Unidad tributaria mensual (UTM)";"2018-5-1";47396;2018;5;2025-09-04
"478";"Unidad tributaria mensual (UTM)";"2018-6-1";47538;2018;6;2025-09-04
"479";"Unidad tributaria mensual (UTM)";"2018-7-1";47681;2018;7;2025-09-04
"480";"Unidad tributaria mensual (UTM)";"2018-8-1";47729;2018;8;2025-09-04
"481";"Unidad tributaria mensual (UTM)";"2018-9-1";47920;2018;9;2025-09-04
"482";"Unidad tributaria mensual (UTM)";"2018-10-1";48016;2018;10;2025-09-04
"483";"Unidad tributaria mensual (UTM)";"2018-11-1";48160;2018;11;2025-09-04
"484";"Unidad tributaria mensual (UTM)";"2018-12-1";48353;2018;12;2025-09-04
"485";"Unidad tributaria mensual (UTM)";"2019-1-1";48353;2019;1;2025-09-04
"486";"Unidad tributaria mensual (UTM)";"2019-2-1";48305;2019;2;2025-09-04
"487";"Unidad tributaria mensual (UTM)";"2019-3-1";48353;2019;3;2025-09-04
"488";"Unidad tributaria mensual (UTM)";"2019-4-1";48353;2019;4;2025-09-04
"489";"Unidad tributaria mensual (UTM)";"2019-5-1";48595;2019;5;2025-09-04
"490";"Unidad tributaria mensual (UTM)";"2019-6-1";48741;2019;6;2025-09-04
"491";"Unidad tributaria mensual (UTM)";"2019-7-1";49033;2019;7;2025-09-04
"492";"Unidad tributaria mensual (UTM)";"2019-8-1";49033;2019;8;2025-09-04
"493";"Unidad tributaria mensual (UTM)";"2019-9-1";49131;2019;9;2025-09-04
"494";"Unidad tributaria mensual (UTM)";"2019-10-1";49229;2019;10;2025-09-04
"495";"Unidad tributaria mensual (UTM)";"2019-11-1";49229;2019;11;2025-09-04
"496";"Unidad tributaria mensual (UTM)";"2019-12-1";49623;2019;12;2025-09-04
"497";"Unidad tributaria mensual (UTM)";"2020-1-1";49673;2020;1;2025-09-04
"498";"Unidad tributaria mensual (UTM)";"2020-2-1";49723;2020;2;2025-09-04
"499";"Unidad tributaria mensual (UTM)";"2020-3-1";50021;2020;3;2025-09-04
"500";"Unidad tributaria mensual (UTM)";"2020-4-1";50221;2020;4;2025-09-04
"501";"Unidad tributaria mensual (UTM)";"2020-5-1";50372;2020;5;2025-09-04
"502";"Unidad tributaria mensual (UTM)";"2020-6-1";50372;2020;6;2025-09-04
"503";"Unidad tributaria mensual (UTM)";"2020-7-1";50322;2020;7;2025-09-04
"504";"Unidad tributaria mensual (UTM)";"2020-8-1";50272;2020;8;2025-09-04
"505";"Unidad tributaria mensual (UTM)";"2020-9-1";50322;2020;9;2025-09-04
"506";"Unidad tributaria mensual (UTM)";"2020-10-1";50372;2020;10;2025-09-04
"507";"Unidad tributaria mensual (UTM)";"2020-11-1";50674;2020;11;2025-09-04
"508";"Unidad tributaria mensual (UTM)";"2020-12-1";51029;2020;12;2025-09-04
"509";"Unidad tributaria mensual (UTM)";"2021-1-1";50978;2021;1;2025-09-04
"510";"Unidad tributaria mensual (UTM)";"2021-2-1";51131;2021;2;2025-09-04
"511";"Unidad tributaria mensual (UTM)";"2021-3-1";51489;2021;3;2025-09-04
"512";"Unidad tributaria mensual (UTM)";"2021-4-1";51592;2021;4;2025-09-04
"513";"Unidad tributaria mensual (UTM)";"2021-5-1";51798;2021;5;2025-09-04
"514";"Unidad tributaria mensual (UTM)";"2021-6-1";52005;2021;6;2025-09-04
"515";"Unidad tributaria mensual (UTM)";"2021-7-1";52161;2021;7;2025-09-04
"516";"Unidad tributaria mensual (UTM)";"2021-8-1";52213;2021;8;2025-09-04
"517";"Unidad tributaria mensual (UTM)";"2021-9-1";52631;2021;9;2025-09-04
"518";"Unidad tributaria mensual (UTM)";"2021-10-1";52842;2021;10;2025-09-04
"519";"Unidad tributaria mensual (UTM)";"2021-11-1";53476;2021;11;2025-09-04
"520";"Unidad tributaria mensual (UTM)";"2021-12-1";54171;2021;12;2025-09-04
"521";"Unidad tributaria mensual (UTM)";"2022-1-1";54442;2022;1;2025-09-04
"522";"Unidad tributaria mensual (UTM)";"2022-2-1";54878;2022;2;2025-09-04
"523";"Unidad tributaria mensual (UTM)";"2022-3-1";55537;2022;3;2025-09-04
"524";"Unidad tributaria mensual (UTM)";"2022-4-1";55704;2022;4;2025-09-04
"525";"Unidad tributaria mensual (UTM)";"2022-5-1";56762;2022;5;2025-09-04
"526";"Unidad tributaria mensual (UTM)";"2022-6-1";57557;2022;6;2025-09-04
"527";"Unidad tributaria mensual (UTM)";"2022-7-1";58248;2022;7;2025-09-04
"528";"Unidad tributaria mensual (UTM)";"2022-8-1";58772;2022;8;2025-09-04
"529";"Unidad tributaria mensual (UTM)";"2022-9-1";59595;2022;9;2025-09-04
"530";"Unidad tributaria mensual (UTM)";"2022-10-1";60310;2022;10;2025-09-04
"531";"Unidad tributaria mensual (UTM)";"2022-11-1";60853;2022;11;2025-09-04
"532";"Unidad tributaria mensual (UTM)";"2022-12-1";61157;2022;12;2025-09-04
"533";"Unidad tributaria mensual (UTM)";"2023-1-1";61769;2023;1;2025-09-04
"534";"Unidad tributaria mensual (UTM)";"2023-2-1";61954;2023;2;2025-09-04
"535";"Unidad tributaria mensual (UTM)";"2023-3-1";62450;2023;3;2025-09-04
"536";"Unidad tributaria mensual (UTM)";"2023-4-1";62388;2023;4;2025-09-04
"537";"Unidad tributaria mensual (UTM)";"2023-5-1";63074;2023;5;2025-09-04
"538";"Unidad tributaria mensual (UTM)";"2023-6-1";63263;2023;6;2025-09-04
"539";"Unidad tributaria mensual (UTM)";"2023-7-1";63326;2023;7;2025-09-04
"540";"Unidad tributaria mensual (UTM)";"2023-8-1";63199;2023;8;2025-09-04
"541";"Unidad tributaria mensual (UTM)";"2023-9-1";63452;2023;9;2025-09-04
"542";"Unidad tributaria mensual (UTM)";"2023-10-1";63515;2023;10;2025-09-04
"543";"Unidad tributaria mensual (UTM)";"2023-11-1";63960;2023;11;2025-09-04
"544";"Unidad tributaria mensual (UTM)";"2023-12-1";64216;2023;12;2025-09-04
"545";"Unidad tributaria mensual (UTM)";"2024-1-1";64666;2024;1;2025-09-04
"546";"Unidad tributaria mensual (UTM)";"2024-2-1";64343;2024;2;2025-09-04
"547";"Unidad tributaria mensual (UTM)";"2024-3-1";64793;2024;3;2025-09-04
"548";"Unidad tributaria mensual (UTM)";"2024-4-1";65182;2024;4;2025-09-04
"549";"Unidad tributaria mensual (UTM)";"2024-5-1";65443;2024;5;2025-09-04
"550";"Unidad tributaria mensual (UTM)";"2024-6-1";65770;2024;6;2025-09-04
"551";"Unidad tributaria mensual (UTM)";"2024-7-1";65967;2024;7;2025-09-04
"552";"Unidad tributaria mensual (UTM)";"2024-8-1";65901;2024;8;2025-09-04
"553";"Unidad tributaria mensual (UTM)";"2024-9-1";66362;2024;9;2025-09-04
"554";"Unidad tributaria mensual (UTM)";"2024-10-1";66561;2024;10;2025-09-04
"555";"Unidad tributaria mensual (UTM)";"2024-11-1";66628;2024;11;2025-09-04
"556";"Unidad tributaria mensual (UTM)";"2024-12-1";67294;2024;12;2025-09-04
"557";"Unidad tributaria mensual (UTM)";"2025-1-1";67429;2025;1;2025-09-04
"558";"Unidad tributaria mensual (UTM)";"2025-2-1";67294;2025;2;2025-09-04
"559";"Unidad tributaria mensual (UTM)";"2025-3-1";68034;2025;3;2025-09-04
"560";"Unidad tributaria mensual (UTM)";"2025-4-1";68306;2025;4;2025-09-04
"561";"Unidad tributaria mensual (UTM)";"2025-5-1";68648;2025;5;2025-09-04
"562";"Unidad tributaria mensual (UTM)";"2025-6-1";68785;2025;6;2025-09-04
"563";"Unidad tributaria mensual (UTM)";"2025-7-1";68923;2025;7;2025-09-04
"564";"Unidad tributaria mensual (UTM)";"2025-8-1";68647;2025;8;2025-09-04
"565";"Unidad tributaria mensual (UTM)";"2025-9-1";69265;2025;9;2025-09-04
